"1;""asfault_roads/beamng_risk_1.5/test_unsafe_3221.json.geometry.json.interactive_plot.json"";""3"";""tag-for-sector-0=[smoothness[3]",complexity[2],orientation[2]];tag-for-sector-1=[smoothness[4],complexity[1],orientation[1]];tag-for-sector-2=[smoothness[4],complexity[1],orientation[1]];tag-for-sector-3=[smoothness[4],complexity[2],"orientation[1]];"""
"2;""asfault_roads/beamng_risk_1.5/test_unsafe_4072.json.geometry.json.interactive_plot.json"";""1"";""tag-for-sector-0=[smoothness[0]",complexity[5],orientation[4]];tag-for-sector-1=[smoothness[0],complexity[5],orientation[4]];tag-for-sector-2=[smoothness[2],complexity[3],"orientation[3]];""",,
"3;""asfault_roads/driver_ai/test_1505.json.geometry.json.interactive_plot.json"";""2"";""tag-for-sector-0=[smoothness[4]",complexity[4],orientation[1]];tag-for-sector-1=[smoothness[1],complexity[3],orientation[4]];tag-for-sector-2=[smoothness[4],complexity[1],orientation[3]];tag-for-sector-3=[smoothness[1],complexity[2],"orientation[1]];"""
"4;""asfault_roads/beamng_risk_1.5/test_unsafe_696.json.geometry.json.interactive_plot.json"";""2"";""tag-for-sector-0=[smoothness[4]",complexity[1],orientation[1]];tag-for-sector-1=[smoothness[2],complexity[2],orientation[2]];tag-for-sector-2=[smoothness[3],complexity[2],orientation[3]];tag-for-sector-3=[smoothness[2],complexity[1],"orientation[1]];"""
"5;""asfault_roads/beamng_risk_1.5/test_unsafe_5633.json.geometry.json.interactive_plot.json"";""4"";""tag-for-sector-0=[smoothness[4]",complexity[2],orientation[2]];tag-for-sector-1=[smoothness[5],complexity[2],orientation[2]];tag-for-sector-2=[smoothness[1],complexity[3],orientation[1]];tag-for-sector-3=[smoothness[2],complexity[3],"orientation[3]];"""
"6;""asfault_roads/beamng_risk_2/run1/test_0981.json.geometry.json.interactive_plot.json"";""2"";""tag-for-sector-0=[smoothness[2]",complexity[1],orientation[2]];tag-for-sector-1=[smoothness[5],complexity[0],orientation[1]];tag-for-sector-2=[smoothness[3],complexity[1],orientation[1]];tag-for-sector-3=[smoothness[4],complexity[1],"orientation[1]];"""
"7;""asfault_roads/beamng_risk_1.5/test_unsafe_5248.json.geometry.json.interactive_plot.json"";""3"";""tag-for-sector-0=[smoothness[4]",complexity[2],orientation[1]];tag-for-sector-1=[smoothness[1],complexity[3],orientation[3]];tag-for-sector-2=[smoothness[5],complexity[1],orientation[1]];tag-for-sector-3=[smoothness[0],complexity[2],"orientation[2]];"""
"8;""asfault_roads/driver_ai/test_5448.json.geometry.json.interactive_plot.json"";""4"";""tag-for-sector-0=[smoothness[2]",complexity[5],orientation[4]];tag-for-sector-1=[smoothness[3],complexity[2],orientation[4]];tag-for-sector-2=[smoothness[4],complexity[3],"orientation[3]];""",,
"9;""asfault_roads/beamng_risk_1.5/test_unsafe_2111.json.geometry.json.interactive_plot.json"";""4"";""tag-for-sector-0=[smoothness[2]",complexity[3],orientation[2]];tag-for-sector-1=[smoothness[4],complexity[2],orientation[1]];tag-for-sector-2=[smoothness[1],complexity[3],orientation[2]];tag-for-sector-3=[smoothness[0],complexity[5],"orientation[2]];"""
"10;""asfault_roads/driver_ai/test_183.json.geometry.json.interactive_plot.json"";""2"";""tag-for-sector-0=[smoothness[1]",complexity[3],orientation[2]];tag-for-sector-1=[smoothness[0],complexity[2],orientation[2]];tag-for-sector-2=[smoothness[1],complexity[3],orientation[2]];tag-for-sector-3=[smoothness[2],complexity[2],"orientation[3]];"""
"11;""asfault_roads/driver_ai/test_5327.json.geometry.json.interactive_plot.json"";""1"";""tag-for-sector-0=[smoothness[0]",complexity[4],orientation[3]];tag-for-sector-1=[smoothness[3],complexity[2],orientation[3]];tag-for-sector-2=[smoothness[3],complexity[2],"orientation[3]];""",,
"12;""asfault_roads/beamng_risk_1.5/test_unsafe_129.json.geometry.json.interactive_plot.json"";""2"";""tag-for-sector-0=[smoothness[4]",complexity[1],orientation[1]];tag-for-sector-1=[smoothness[3],complexity[2],orientation[2]];tag-for-sector-2=[smoothness[5],complexity[1],orientation[1]];tag-for-sector-3=[smoothness[2],complexity[1],"orientation[1]];"""
"13;""asfault_roads/beamng_risk_1/run1/test_0209.json.geometry.json.interactive_plot.json"";""4"";""tag-for-sector-0=[smoothness[1]",complexity[4],orientation[2]];tag-for-sector-1=[smoothness[5],complexity[1],orientation[2]];tag-for-sector-2=[smoothness[5],complexity[1],"orientation[2]];""",,
"14;""asfault_roads/driver_ai/test_1936.json.geometry.json.interactive_plot.json"";""4"";""tag-for-sector-0=[smoothness[5]",complexity[1],orientation[2]];tag-for-sector-1=[smoothness[4],complexity[2],orientation[3]];tag-for-sector-2=[smoothness[5],complexity[1],orientation[3]];tag-for-sector-3=[smoothness[4],complexity[1],"orientation[2]];"""
"15;""asfault_roads/beamng_risk_1.5/test_unsafe_1111.json.geometry.json.interactive_plot.json"";""1"";""tag-for-sector-0=[smoothness[5]",complexity[1],orientation[1]];tag-for-sector-1=[smoothness[3],complexity[3],orientation[4]];tag-for-sector-2=[smoothness[0],complexity[4],"orientation[3]];""",,
"16;""asfault_roads/driver_ai/test_2883.json.geometry.json.interactive_plot.json"";""4"";""tag-for-sector-0=[smoothness[1]",complexity[4],orientation[3]];tag-for-sector-1=[smoothness[5],complexity[1],orientation[2]];tag-for-sector-2=[smoothness[2],complexity[3],orientation[2]];tag-for-sector-3=[smoothness[3],complexity[2],"orientation[2]];"""
"17;""asfault_roads/beamng_risk_1.5/test_unsafe_5059.json.geometry.json.interactive_plot.json"";""1"";""tag-for-sector-0=[smoothness[4]",complexity[1],orientation[2]];tag-for-sector-1=[smoothness[4],complexity[2],orientation[2]];tag-for-sector-2=[smoothness[3],complexity[2],orientation[2]];tag-for-sector-3=[smoothness[4],complexity[1],"orientation[1]];"""
"18;""asfault_roads/beamng_risk_1.5/test_unsafe_5502.json.geometry.json.interactive_plot.json"";""2"";""tag-for-sector-0=[smoothness[3]",complexity[2],orientation[1]];tag-for-sector-1=[smoothness[3],complexity[1],orientation[1]];tag-for-sector-2=[smoothness[1],complexity[1],"orientation[1]];""",,
"19;""asfault_roads/driver_ai/test_5240.json.geometry.json.interactive_plot.json"";""1"";""tag-for-sector-0=[smoothness[2]",complexity[3],orientation[3]];tag-for-sector-1=[smoothness[0],complexity[4],orientation[4]];tag-for-sector-2=[smoothness[5],complexity[0],orientation[1]];tag-for-sector-3=[smoothness[5],complexity[0],"orientation[1]];"""
"20;""asfault_roads/beamng_risk_1.5/test_unsafe_5236.json.geometry.json.interactive_plot.json"";""3"";""tag-for-sector-0=[smoothness[3]",complexity[2],orientation[1]];tag-for-sector-1=[smoothness[0],complexity[3],orientation[2]];tag-for-sector-2=[smoothness[5],complexity[2],orientation[1]];tag-for-sector-3=[smoothness[5],complexity[2],"orientation[1]];"""
"21;""asfault_roads/driver_ai/test_4009.json.geometry.json.interactive_plot.json"";""1"";""tag-for-sector-0=[smoothness[0]",complexity[5],orientation[2]];tag-for-sector-1=[smoothness[4],complexity[1],orientation[2]];tag-for-sector-2=[smoothness[0],complexity[5],orientation[3]];tag-for-sector-3=[smoothness[5],complexity[0],"orientation[0]];"""
"22;""asfault_roads/driver_ai/test_5163.json.geometry.json.interactive_plot.json"";""3"";""tag-for-sector-0=[smoothness[3]",complexity[1],orientation[1]];tag-for-sector-1=[smoothness[1],complexity[3],orientation[2]];tag-for-sector-2=[smoothness[2],complexity[3],orientation[1]];tag-for-sector-3=[smoothness[5],complexity[0],"orientation[0]];"""
"23;""asfault_roads/beamng_risk_1/run2/test_0410.json.geometry.json.interactive_plot.json"";""4"";""tag-for-sector-0=[smoothness[3]",complexity[2],orientation[4]];tag-for-sector-1=[smoothness[2],complexity[3],orientation[3]];tag-for-sector-2=[smoothness[3],complexity[2],orientation[4]];tag-for-sector-3=[smoothness[5],complexity[1],"orientation[2]];"""
"24;""asfault_roads/driver_ai/test_1699.json.geometry.json.interactive_plot.json"";""3"";""tag-for-sector-0=[smoothness[2]",complexity[2],orientation[2]];tag-for-sector-1=[smoothness[3],complexity[5],orientation[1]];tag-for-sector-2=[smoothness[0],complexity[3],orientation[2]];tag-for-sector-3=[smoothness[3],complexity[1],"orientation[1]];"""
"25;""asfault_roads/beamng_risk_2/run1/test_0318.json.geometry.json.interactive_plot.json"";""3"";""tag-for-sector-0=[smoothness[4]",complexity[3],orientation[1]];tag-for-sector-1=[smoothness[1],complexity[2],orientation[2]];tag-for-sector-2=[smoothness[1],complexity[2],orientation[2]];tag-for-sector-3=[smoothness[4],complexity[1],"orientation[1]];"""
"26;""asfault_roads/beamng_risk_1.5/test_unsafe_409.json.geometry.json.interactive_plot.json"";""4"";""tag-for-sector-0=[smoothness[2]",complexity[3],orientation[3]];tag-for-sector-1=[smoothness[3],complexity[3],orientation[3]];tag-for-sector-2=[smoothness[2],complexity[4],orientation[2]];tag-for-sector-3=[smoothness[5],complexity[0],"orientation[1]];"""
"27;""asfault_roads/beamng_risk_1.5/test_unsafe_3251.json.geometry.json.interactive_plot.json"";""4"";""tag-for-sector-0=[smoothness[4]",complexity[1],orientation[2]];tag-for-sector-1=[smoothness[2],complexity[3],orientation[2]];tag-for-sector-2=[smoothness[4],complexity[2],"orientation[3]];""",,
"28;""asfault_roads/driver_ai/test_30.json.geometry.json.interactive_plot.json"";""2"";""tag-for-sector-0=[smoothness[4]",complexity[1],orientation[1]];tag-for-sector-1=[smoothness[5],complexity[1],orientation[1]];tag-for-sector-2=[smoothness[4],complexity[1],orientation[1]];tag-for-sector-3=[smoothness[3],complexity[2],"orientation[3]];"""
"29;""asfault_roads/beamng_risk_1.5/test_unsafe_682.json.geometry.json.interactive_plot.json"";""4"";""tag-for-sector-0=[smoothness[4]",complexity[2],orientation[2]];tag-for-sector-1=[smoothness[2],complexity[2],orientation[2]];tag-for-sector-2=[smoothness[3],complexity[3],orientation[3]];tag-for-sector-3=[smoothness[4],complexity[2],"orientation[2]];"""
"30;""asfault_roads/beamng_risk_2/run1/test_0303.json.geometry.json.interactive_plot.json"";""2"";""tag-for-sector-0=[smoothness[3]",complexity[2],orientation[1]];tag-for-sector-1=[smoothness[3],complexity[1],orientation[2]];tag-for-sector-2=[smoothness[4],complexity[1],"orientation[1]];""",,
"31;""asfault_roads/driver_ai/test_3972.json.geometry.json.interactive_plot.json"";""3"";""tag-for-sector-0=[smoothness[2]",complexity[2],orientation[2]];tag-for-sector-1=[smoothness[4],complexity[1],orientation[1]];tag-for-sector-2=[smoothness[3],complexity[3],orientation[1]];tag-for-sector-3=[smoothness[3],complexity[1],"orientation[1]];"""
"32;""asfault_roads/beamng_risk_1.5/test_unsafe_2888.json.geometry.json.interactive_plot.json"";""4"";""tag-for-sector-0=[smoothness[3]",complexity[2],orientation[4]];tag-for-sector-1=[smoothness[1],complexity[4],orientation[5]];tag-for-sector-2=[smoothness[2],complexity[3],orientation[2]];tag-for-sector-3=[smoothness[5],complexity[1],"orientation[2]];"""
"33;""asfault_roads/driver_ai/test_4024.json.geometry.json.interactive_plot.json"";""1"";""tag-for-sector-0=[smoothness[3]",complexity[2],orientation[2]];tag-for-sector-1=[smoothness[3],complexity[2],orientation[2]];tag-for-sector-2=[smoothness[3],complexity[3],orientation[3]];tag-for-sector-3=[smoothness[1],complexity[3],"orientation[2]];"""
"34;""asfault_roads/driver_ai/test_4304.json.geometry.json.interactive_plot.json"";""4"";""tag-for-sector-0=[smoothness[2]",complexity[3],orientation[4]];tag-for-sector-1=[smoothness[1],complexity[4],orientation[3]];tag-for-sector-2=[smoothness[1],complexity[4],orientation[2]];tag-for-sector-3=[smoothness[3],complexity[2],"orientation[2]];"""
"35;""asfault_roads/beamng_risk_1/run2/test_0740.json.geometry.json.interactive_plot.json"";""2"";""tag-for-sector-0=[smoothness[3]",complexity[2],orientation[1]];tag-for-sector-1=[smoothness[3],complexity[2],orientation[2]];tag-for-sector-2=[smoothness[1],complexity[2],orientation[1]];tag-for-sector-3=[smoothness[3],complexity[1],"orientation[1]];"""
"36;""asfault_roads/beamng_risk_1.5/test_unsafe_3999.json.geometry.json.interactive_plot.json"";""4"";""tag-for-sector-0=[smoothness[1]",complexity[4],orientation[4]];tag-for-sector-1=[smoothness[4],complexity[2],orientation[4]];tag-for-sector-2=[smoothness[5],complexity[3],orientation[1]];tag-for-sector-3=[smoothness[2],complexity[2],"orientation[2]];"""
"37;""asfault_roads/driver_ai/test_4231.json.geometry.json.interactive_plot.json"";""4"";""tag-for-sector-0=[smoothness[1]",complexity[3],orientation[3]];tag-for-sector-1=[smoothness[1],complexity[5],orientation[4]];tag-for-sector-2=[smoothness[3],complexity[2],orientation[4]];tag-for-sector-3=[smoothness[2],complexity[4],"orientation[2]];"""
"38;""asfault_roads/driver_ai/test_1583.json.geometry.json.interactive_plot.json"";""2"";""tag-for-sector-0=[smoothness[4]",complexity[2],orientation[1]];tag-for-sector-1=[smoothness[4],complexity[2],orientation[2]];tag-for-sector-2=[smoothness[3],complexity[4],orientation[1]];tag-for-sector-3=[smoothness[1],complexity[5],"orientation[2]];"""
"39;""asfault_roads/beamng_risk_1/run2/test_0567.json.geometry.json.interactive_plot.json"";""4"";""tag-for-sector-0=[smoothness[2]",complexity[3],orientation[3]];tag-for-sector-1=[smoothness[4],complexity[2],orientation[2]];tag-for-sector-2=[smoothness[2],complexity[2],orientation[2]];tag-for-sector-3=[smoothness[1],complexity[3],"orientation[4]];"""
"40;""asfault_roads/beamng_risk_1.5/test_unsafe_4045.json.geometry.json.interactive_plot.json"";""3"";""tag-for-sector-0=[smoothness[1]",complexity[4],orientation[2]];tag-for-sector-1=[smoothness[4],complexity[2],orientation[2]];tag-for-sector-2=[smoothness[1],complexity[3],orientation[3]];tag-for-sector-3=[smoothness[3],complexity[1],"orientation[1]];"""
"41;""asfault_roads/driver_ai/test_1866.json.geometry.json.interactive_plot.json"";""4"";""tag-for-sector-0=[smoothness[2]",complexity[3],orientation[2]];tag-for-sector-1=[smoothness[2],complexity[4],orientation[4]];tag-for-sector-2=[smoothness[3],complexity[1],orientation[2]];tag-for-sector-3=[smoothness[5],complexity[0],"orientation[1]];"""
"42;""asfault_roads/driver_ai/test_3380.json.geometry.json.interactive_plot.json"";""2"";""tag-for-sector-0=[smoothness[3]",complexity[1],orientation[2]];tag-for-sector-1=[smoothness[2],complexity[3],orientation[3]];tag-for-sector-2=[smoothness[3],complexity[2],"orientation[1]];""",,
"43;""asfault_roads/beamng_risk_1/run2/test_0326.json.geometry.json.interactive_plot.json"";""3"";""tag-for-sector-0=[smoothness[3]",complexity[2],orientation[2]];tag-for-sector-1=[smoothness[2],complexity[2],orientation[3]];tag-for-sector-2=[smoothness[2],complexity[3],orientation[4]];tag-for-sector-3=[smoothness[4],complexity[1],"orientation[1]];"""
"44;""asfault_roads/driver_ai/test_5185.json.geometry.json.interactive_plot.json"";""3"";""tag-for-sector-0=[smoothness[3]",complexity[2],orientation[2]];tag-for-sector-1=[smoothness[5],complexity[2],orientation[1]];tag-for-sector-2=[smoothness[0],complexity[4],"orientation[2]];""",,
"45;""asfault_roads/driver_ai/test_4215.json.geometry.json.interactive_plot.json"";""1"";""tag-for-sector-0=[smoothness[4]",complexity[1],orientation[2]];tag-for-sector-1=[smoothness[4],complexity[1],orientation[2]];tag-for-sector-2=[smoothness[4],complexity[2],"orientation[2]];""",,
"46;""asfault_roads/beamng_risk_1.5/test_unsafe_2143.json.geometry.json.interactive_plot.json"";""3"";""tag-for-sector-0=[smoothness[3]",complexity[2],orientation[2]];tag-for-sector-1=[smoothness[2],complexity[2],orientation[4]];tag-for-sector-2=[smoothness[0],complexity[3],orientation[2]];tag-for-sector-3=[smoothness[4],complexity[1],"orientation[1]];"""
"47;""asfault_roads/beamng_risk_1.5/test_unsafe_2731.json.geometry.json.interactive_plot.json"";""3"";""tag-for-sector-0=[smoothness[3]",complexity[2],orientation[2]];tag-for-sector-1=[smoothness[0],complexity[2],orientation[1]];tag-for-sector-2=[smoothness[1],complexity[3],"orientation[1]];""",,
"48;""asfault_roads/driver_ai/test_2269.json.geometry.json.interactive_plot.json"";""4"";""tag-for-sector-0=[smoothness[2]",complexity[3],orientation[2]];tag-for-sector-1=[smoothness[4],complexity[2],orientation[2]];tag-for-sector-2=[smoothness[2],complexity[3],orientation[3]];tag-for-sector-3=[smoothness[5],complexity[1],"orientation[1]];"""
"49;""asfault_roads/beamng_risk_2/run1/test_0168.json.geometry.json.interactive_plot.json"";""4"";""tag-for-sector-0=[smoothness[1]",complexity[3],orientation[3]];tag-for-sector-1=[smoothness[1],complexity[4],orientation[3]];tag-for-sector-2=[smoothness[4],complexity[2],"orientation[2]];""",,
"50;""asfault_roads/driver_ai/test_4613.json.geometry.json.interactive_plot.json"";""1"";""tag-for-sector-0=[smoothness[4]",complexity[1],orientation[2]];tag-for-sector-1=[smoothness[1],complexity[4],orientation[3]];tag-for-sector-2=[smoothness[1],complexity[3],"orientation[2]];""",,
"51;""asfault_roads/driver_ai/test_1666.json.geometry.json.interactive_plot.json"";""1"";""tag-for-sector-0=[smoothness[4]",complexity[1],orientation[2]];tag-for-sector-1=[smoothness[2],complexity[3],orientation[3]];tag-for-sector-2=[smoothness[3],complexity[3],orientation[3]];tag-for-sector-3=[smoothness[4],complexity[2],"orientation[2]];"""
"52;""asfault_roads/beamng_risk_1.5/test_unsafe_2100.json.geometry.json.interactive_plot.json"";""1"";""tag-for-sector-0=[smoothness[3]",complexity[2],orientation[2]];tag-for-sector-1=[smoothness[0],complexity[5],orientation[5]];tag-for-sector-2=[smoothness[3],complexity[2],"orientation[3]];""",,
"53;""asfault_roads/driver_ai/test_152.json.geometry.json.interactive_plot.json"";""3"";""tag-for-sector-0=[smoothness[4]",complexity[3],orientation[1]];tag-for-sector-1=[smoothness[3],complexity[3],orientation[2]];tag-for-sector-2=[smoothness[3],complexity[2],orientation[2]];tag-for-sector-3=[smoothness[5],complexity[0],"orientation[1]];"""
"54;""asfault_roads/beamng_risk_1.5/test_unsafe_2856.json.geometry.json.interactive_plot.json"";""3"";""tag-for-sector-0=[smoothness[3]",complexity[3],orientation[2]];tag-for-sector-1=[smoothness[1],complexity[5],orientation[2]];tag-for-sector-2=[smoothness[2],complexity[3],orientation[2]];tag-for-sector-3=[smoothness[5],complexity[1],"orientation[1]];"""
"55;""asfault_roads/beamng_risk_1/run2/test_0390.json.geometry.json.interactive_plot.json"";""2"";""tag-for-sector-0=[smoothness[4]",complexity[2],orientation[1]];tag-for-sector-1=[smoothness[2],complexity[3],orientation[3]];tag-for-sector-2=[smoothness[4],complexity[2],orientation[1]];tag-for-sector-3=[smoothness[1],complexity[2],"orientation[2]];"""
"56;""asfault_roads/beamng_risk_1.5/test_unsafe_3279.json.geometry.json.interactive_plot.json"";""4"";""tag-for-sector-0=[smoothness[1]",complexity[5],orientation[2]];tag-for-sector-1=[smoothness[0],complexity[4],orientation[3]];tag-for-sector-2=[smoothness[3],complexity[3],orientation[4]];tag-for-sector-3=[smoothness[2],complexity[2],"orientation[2]];"""
"57;""asfault_roads/beamng_risk_2/run1/test_0015.json.geometry.json.interactive_plot.json"";""3"";""tag-for-sector-0=[smoothness[3]",complexity[3],orientation[2]];tag-for-sector-1=[smoothness[1],complexity[2],orientation[1]];tag-for-sector-2=[smoothness[4],complexity[2],orientation[1]];tag-for-sector-3=[smoothness[4],complexity[1],"orientation[0]];"""
"58;""asfault_roads/beamng_risk_1.5/test_unsafe_928.json.geometry.json.interactive_plot.json"";""3"";""tag-for-sector-0=[smoothness[1]",complexity[3],orientation[4]];tag-for-sector-1=[smoothness[3],complexity[2],orientation[4]];tag-for-sector-2=[smoothness[4],complexity[1],orientation[3]];tag-for-sector-3=[smoothness[4],complexity[0],"orientation[1]];"""
"59;""asfault_roads/driver_ai/test_5061.json.geometry.json.interactive_plot.json"";""2"";""tag-for-sector-0=[smoothness[5]",complexity[1],orientation[1]];tag-for-sector-1=[smoothness[4],complexity[3],orientation[1]];tag-for-sector-2=[smoothness[5],complexity[1],orientation[1]];tag-for-sector-3=[smoothness[5],complexity[0],"orientation[0]];"""
"60;""asfault_roads/beamng_risk_1.5/test_unsafe_910.json.geometry.json.interactive_plot.json"";""4"";""tag-for-sector-0=[smoothness[2]",complexity[3],orientation[3]];tag-for-sector-1=[smoothness[3],complexity[3],orientation[2]];tag-for-sector-2=[smoothness[1],complexity[4],orientation[3]];tag-for-sector-3=[smoothness[1],complexity[2],"orientation[3]];"""
"61;""asfault_roads/beamng_risk_1.5/test_unsafe_4557.json.geometry.json.interactive_plot.json"";""4"";""tag-for-sector-0=[smoothness[2]",complexity[3],orientation[3]];tag-for-sector-1=[smoothness[4],complexity[1],orientation[2]];tag-for-sector-2=[smoothness[3],complexity[2],"orientation[3]];""",,
"62;""asfault_roads/beamng_risk_1/run1/test_0116.json.geometry.json.interactive_plot.json"";""1"";""tag-for-sector-0=[smoothness[2]",complexity[4],orientation[3]];tag-for-sector-1=[smoothness[2],complexity[3],orientation[2]];tag-for-sector-2=[smoothness[3],complexity[3],orientation[2]];tag-for-sector-3=[smoothness[3],complexity[2],"orientation[3]];"""
"63;""asfault_roads/beamng_risk_1.5/test_unsafe_1373.json.geometry.json.interactive_plot.json"";""1"";""tag-for-sector-0=[smoothness[3]",complexity[1],orientation[1]];tag-for-sector-1=[smoothness[1],complexity[4],orientation[2]];tag-for-sector-2=[smoothness[3],complexity[2],orientation[2]];tag-for-sector-3=[smoothness[2],complexity[3],"orientation[2]];"""
"64;""asfault_roads/beamng_risk_1.5/test_unsafe_4040.json.geometry.json.interactive_plot.json"";""1"";""tag-for-sector-0=[smoothness[4]",complexity[1],orientation[2]];tag-for-sector-1=[smoothness[5],complexity[0],orientation[1]];tag-for-sector-2=[smoothness[4],complexity[1],"orientation[1]];""",,
"65;""asfault_roads/driver_ai/test_1038.json.geometry.json.interactive_plot.json"";""2"";""tag-for-sector-0=[smoothness[4]",complexity[2],orientation[1]];tag-for-sector-1=[smoothness[4],complexity[1],orientation[3]];tag-for-sector-2=[smoothness[3],complexity[3],"orientation[3]];""",,
"66;""asfault_roads/beamng_risk_1.5/test_unsafe_468.json.geometry.json.interactive_plot.json"";""1"";""tag-for-sector-0=[smoothness[0]",complexity[5],orientation[4]];tag-for-sector-1=[smoothness[0],complexity[4],orientation[2]];tag-for-sector-2=[smoothness[1],complexity[3],orientation[2]];tag-for-sector-3=[smoothness[5],complexity[0],"orientation[1]];"""
"67;""asfault_roads/beamng_risk_1.5/test_unsafe_2468.json.geometry.json.interactive_plot.json"";""3"";""tag-for-sector-0=[smoothness[1]",complexity[5],orientation[2]];tag-for-sector-1=[smoothness[4],complexity[2],orientation[2]];tag-for-sector-2=[smoothness[2],complexity[2],orientation[3]];tag-for-sector-3=[smoothness[4],complexity[1],"orientation[2]];"""
"68;""asfault_roads/beamng_risk_2/run1/test_0867.json.geometry.json.interactive_plot.json"";""2"";""tag-for-sector-0=[smoothness[4]",complexity[1],orientation[1]];tag-for-sector-1=[smoothness[2],complexity[4],orientation[2]];tag-for-sector-2=[smoothness[3],complexity[1],"orientation[2]];""",,
"69;""asfault_roads/beamng_risk_2/run1/test_1238.json.geometry.json.interactive_plot.json"";""4"";""tag-for-sector-0=[smoothness[2]",complexity[2],orientation[3]];tag-for-sector-1=[smoothness[4],complexity[2],orientation[2]];tag-for-sector-2=[smoothness[1],complexity[4],orientation[3]];tag-for-sector-3=[smoothness[1],complexity[4],"orientation[2]];"""
"70;""asfault_roads/beamng_risk_1.5/test_unsafe_4552.json.geometry.json.interactive_plot.json"";""2"";""tag-for-sector-0=[smoothness[2]",complexity[1],orientation[1]];tag-for-sector-1=[smoothness[1],complexity[3],orientation[2]];tag-for-sector-2=[smoothness[3],complexity[2],orientation[2]];tag-for-sector-3=[smoothness[4],complexity[1],"orientation[1]];"""
"71;""asfault_roads/driver_ai/test_2813.json.geometry.json.interactive_plot.json"";""1"";""tag-for-sector-0=[smoothness[4]",complexity[0],orientation[1]];tag-for-sector-1=[smoothness[5],complexity[1],orientation[2]];tag-for-sector-2=[smoothness[4],complexity[2],orientation[1]];tag-for-sector-3=[smoothness[5],complexity[0],"orientation[0]];"""
"72;""asfault_roads/driver_ai/test_2575.json.geometry.json.interactive_plot.json"";""3"";""tag-for-sector-0=[smoothness[0]",complexity[4],orientation[3]];tag-for-sector-1=[smoothness[5],complexity[1],orientation[1]];tag-for-sector-2=[smoothness[3],complexity[4],"orientation[2]];""",,
"73;""asfault_roads/beamng_risk_1.5/test_unsafe_2981.json.geometry.json.interactive_plot.json"";""1"";""tag-for-sector-0=[smoothness[0]",complexity[3],orientation[3]];tag-for-sector-1=[smoothness[1],complexity[4],orientation[4]];tag-for-sector-2=[smoothness[2],complexity[2],orientation[3]];tag-for-sector-3=[smoothness[4],complexity[1],"orientation[2]];"""
"74;""asfault_roads/beamng_risk_2/run2/test_0244.json.geometry.json.interactive_plot.json"";""4"";""tag-for-sector-0=[smoothness[1]",complexity[4],orientation[3]];tag-for-sector-1=[smoothness[2],complexity[4],orientation[3]];tag-for-sector-2=[smoothness[1],complexity[5],"orientation[2]];""",,
"75;""asfault_roads/beamng_risk_1.5/test_unsafe_3325.json.geometry.json.interactive_plot.json"";""4"";""tag-for-sector-0=[smoothness[3]",complexity[2],orientation[2]];tag-for-sector-1=[smoothness[3],complexity[3],orientation[4]];tag-for-sector-2=[smoothness[4],complexity[2],orientation[2]];tag-for-sector-3=[smoothness[1],complexity[4],"orientation[3]];"""
"76;""asfault_roads/beamng_risk_1.5/test_unsafe_4278.json.geometry.json.interactive_plot.json"";""3"";""tag-for-sector-0=[smoothness[2]",complexity[2],orientation[2]];tag-for-sector-1=[smoothness[2],complexity[4],orientation[1]];tag-for-sector-2=[smoothness[2],complexity[3],orientation[1]];tag-for-sector-3=[smoothness[5],complexity[0],"orientation[0]];"""
"77;""asfault_roads/driver_ai/test_229.json.geometry.json.interactive_plot.json"";""1"";""tag-for-sector-0=[smoothness[3]",complexity[3],orientation[2]];tag-for-sector-1=[smoothness[3],complexity[2],orientation[2]];tag-for-sector-2=[smoothness[4],complexity[1],orientation[1]];tag-for-sector-3=[smoothness[0],complexity[5],"orientation[3]];"""
"78;""asfault_roads/driver_ai/test_3176.json.geometry.json.interactive_plot.json"";""2"";""tag-for-sector-0=[smoothness[4]",complexity[1],orientation[1]];tag-for-sector-1=[smoothness[2],complexity[3],orientation[1]];tag-for-sector-2=[smoothness[2],complexity[2],orientation[1]];tag-for-sector-3=[smoothness[3],complexity[2],"orientation[1]];"""
"79;""asfault_roads/driver_ai/test_2489.json.geometry.json.interactive_plot.json"";""1"";""tag-for-sector-0=[smoothness[4]",complexity[2],orientation[2]];tag-for-sector-1=[smoothness[4],complexity[2],orientation[2]];tag-for-sector-2=[smoothness[4],complexity[1],"orientation[1]];""",,
"80;""asfault_roads/beamng_risk_1.5/test_unsafe_4404.json.geometry.json.interactive_plot.json"";""3"";""tag-for-sector-0=[smoothness[1]",complexity[4],orientation[1]];tag-for-sector-1=[smoothness[4],complexity[3],orientation[1]];tag-for-sector-2=[smoothness[4],complexity[1],"orientation[2]];""",,
"81;""asfault_roads/beamng_risk_1.5/test_unsafe_2380.json.geometry.json.interactive_plot.json"";""4"";""tag-for-sector-0=[smoothness[5]",complexity[1],orientation[1]];tag-for-sector-1=[smoothness[4],complexity[2],orientation[3]];tag-for-sector-2=[smoothness[2],complexity[2],orientation[4]];tag-for-sector-3=[smoothness[2],complexity[1],"orientation[0]];"""
"82;""asfault_roads/beamng_risk_1.5/test_unsafe_2282.json.geometry.json.interactive_plot.json"";""1"";""tag-for-sector-0=[smoothness[2]",complexity[3],orientation[2]];tag-for-sector-1=[smoothness[2],complexity[4],orientation[2]];tag-for-sector-2=[smoothness[1],complexity[5],orientation[4]];tag-for-sector-3=[smoothness[5],complexity[0],"orientation[0]];"""
"83;""asfault_roads/beamng_risk_1.5/test_unsafe_4300.json.geometry.json.interactive_plot.json"";""2"";""tag-for-sector-0=[smoothness[3]",complexity[2],orientation[2]];tag-for-sector-1=[smoothness[5],complexity[1],orientation[1]];tag-for-sector-2=[smoothness[0],complexity[2],orientation[1]];tag-for-sector-3=[smoothness[5],complexity[1],"orientation[2]];"""
"84;""asfault_roads/driver_ai/test_2063.json.geometry.json.interactive_plot.json"";""1"";""tag-for-sector-0=[smoothness[2]",complexity[3],orientation[3]];tag-for-sector-1=[smoothness[2],complexity[2],orientation[2]];tag-for-sector-2=[smoothness[4],complexity[1],orientation[2]];tag-for-sector-3=[smoothness[3],complexity[1],"orientation[2]];"""
"85;""asfault_roads/beamng_risk_1.5/test_unsafe_3707.json.geometry.json.interactive_plot.json"";""1"";""tag-for-sector-0=[smoothness[4]",complexity[1],orientation[1]];tag-for-sector-1=[smoothness[2],complexity[3],orientation[2]];tag-for-sector-2=[smoothness[2],complexity[2],orientation[1]];tag-for-sector-3=[smoothness[5],complexity[0],"orientation[0]];"""
"86;""asfault_roads/beamng_risk_1/run2/test_0546.json.geometry.json.interactive_plot.json"";""3"";""tag-for-sector-0=[smoothness[0]",complexity[3],orientation[3]];tag-for-sector-1=[smoothness[2],complexity[4],orientation[3]];tag-for-sector-2=[smoothness[4],complexity[1],"orientation[1]];""",,
"87;""asfault_roads/driver_ai/test_5486.json.geometry.json.interactive_plot.json"";""3"";""tag-for-sector-0=[smoothness[2]",complexity[3],orientation[2]];tag-for-sector-1=[smoothness[0],complexity[3],orientation[2]];tag-for-sector-2=[smoothness[2],complexity[2],orientation[1]];tag-for-sector-3=[smoothness[2],complexity[2],"orientation[1]];"""
"88;""asfault_roads/driver_ai/test_339.json.geometry.json.interactive_plot.json"";""4"";""tag-for-sector-0=[smoothness[3]",complexity[3],orientation[2]];tag-for-sector-1=[smoothness[2],complexity[4],orientation[4]];tag-for-sector-2=[smoothness[2],complexity[3],orientation[3]];tag-for-sector-3=[smoothness[4],complexity[2],"orientation[2]];"""
"89;""asfault_roads/beamng_risk_1.5/test_unsafe_5593.json.geometry.json.interactive_plot.json"";""1"";""tag-for-sector-0=[smoothness[4]",complexity[2],orientation[1]];tag-for-sector-1=[smoothness[2],complexity[3],orientation[3]];tag-for-sector-2=[smoothness[0],complexity[4],orientation[3]];tag-for-sector-3=[smoothness[2],complexity[2],"orientation[1]];"""
"90;""asfault_roads/driver_ai/test_1347.json.geometry.json.interactive_plot.json"";""2"";""tag-for-sector-0=[smoothness[4]",complexity[2],orientation[1]];tag-for-sector-1=[smoothness[2],complexity[1],orientation[1]];tag-for-sector-2=[smoothness[4],complexity[2],orientation[2]];tag-for-sector-3=[smoothness[4],complexity[1],"orientation[1]];"""
"91;""asfault_roads/driver_ai/test_3845.json.geometry.json.interactive_plot.json"";""4"";""tag-for-sector-0=[smoothness[4]",complexity[1],orientation[2]];tag-for-sector-1=[smoothness[2],complexity[3],orientation[1]];tag-for-sector-2=[smoothness[5],complexity[1],orientation[3]];tag-for-sector-3=[smoothness[3],complexity[2],"orientation[2]];"""
"92;""asfault_roads/driver_ai/test_141.json.geometry.json.interactive_plot.json"";""1"";""tag-for-sector-0=[smoothness[3]",complexity[2],orientation[3]];tag-for-sector-1=[smoothness[3],complexity[2],orientation[2]];tag-for-sector-2=[smoothness[4],complexity[1],"orientation[2]];""",,
"93;""asfault_roads/beamng_risk_1.5/test_unsafe_3433.json.geometry.json.interactive_plot.json"";""3"";""tag-for-sector-0=[smoothness[1]",complexity[3],orientation[2]];tag-for-sector-1=[smoothness[0],complexity[4],orientation[2]];tag-for-sector-2=[smoothness[2],complexity[3],orientation[1]];tag-for-sector-3=[smoothness[3],complexity[3],"orientation[3]];"""
"94;""asfault_roads/driver_ai/test_2401.json.geometry.json.interactive_plot.json"";""2"";""tag-for-sector-0=[smoothness[3]",complexity[2],orientation[2]];tag-for-sector-1=[smoothness[1],complexity[3],orientation[2]];tag-for-sector-2=[smoothness[1],complexity[3],orientation[2]];tag-for-sector-3=[smoothness[4],complexity[1],"orientation[1]];"""
"95;""asfault_roads/beamng_risk_2/run1/test_1178.json.geometry.json.interactive_plot.json"";""3"";""tag-for-sector-0=[smoothness[2]",complexity[3],orientation[1]];tag-for-sector-1=[smoothness[4],complexity[2],orientation[1]];tag-for-sector-2=[smoothness[4],complexity[1],"orientation[1]];""",,
"96;""asfault_roads/beamng_risk_2/run1/test_0538.json.geometry.json.interactive_plot.json"";""4"";""tag-for-sector-0=[smoothness[4]",complexity[1],orientation[1]];tag-for-sector-1=[smoothness[1],complexity[3],orientation[3]];tag-for-sector-2=[smoothness[5],complexity[4],"orientation[3]];""",,
"97;""asfault_roads/driver_ai/test_4693.json.geometry.json.interactive_plot.json"";""1"";""tag-for-sector-0=[smoothness[3]",complexity[2],orientation[2]];tag-for-sector-1=[smoothness[4],complexity[1],orientation[0]];tag-for-sector-2=[smoothness[2],complexity[3],orientation[2]];tag-for-sector-3=[smoothness[3],complexity[1],"orientation[1]];"""
"98;""asfault_roads/driver_ai/test_1444.json.geometry.json.interactive_plot.json"";""2"";""tag-for-sector-0=[smoothness[4]",complexity[1],orientation[2]];tag-for-sector-1=[smoothness[3],complexity[4],orientation[2]];tag-for-sector-2=[smoothness[4],complexity[3],orientation[2]];tag-for-sector-3=[smoothness[5],complexity[1],"orientation[1]];"""
"99;""asfault_roads/beamng_risk_2/run1/test_1158.json.geometry.json.interactive_plot.json"";""1"";""tag-for-sector-0=[smoothness[3]",complexity[2],orientation[2]];tag-for-sector-1=[smoothness[3],complexity[2],orientation[2]];tag-for-sector-2=[smoothness[3],complexity[2],"orientation[2]];""",,
"100;""asfault_roads/driver_ai/test_4756.json.geometry.json.interactive_plot.json"";""1"";""tag-for-sector-0=[smoothness[4]",complexity[1],orientation[2]];tag-for-sector-1=[smoothness[3],complexity[2],orientation[2]];tag-for-sector-2=[smoothness[4],complexity[1],orientation[2]];tag-for-sector-3=[smoothness[5],complexity[0],"orientation[0]];"""
"101;""asfault_roads/driver_ai/test_2653.json.geometry.json.interactive_plot.json"";""4"";""tag-for-sector-0=[smoothness[1]",complexity[4],orientation[2]];tag-for-sector-1=[smoothness[1],complexity[3],orientation[4]];tag-for-sector-2=[smoothness[2],complexity[4],orientation[2]];tag-for-sector-3=[smoothness[5],complexity[1],"orientation[2]];"""
"102;""asfault_roads/driver_ai/test_1231.json.geometry.json.interactive_plot.json"";""3"";""tag-for-sector-0=[smoothness[2]",complexity[4],orientation[0]];tag-for-sector-1=[smoothness[4],complexity[2],orientation[2]];tag-for-sector-2=[smoothness[3],complexity[3],orientation[2]];tag-for-sector-3=[smoothness[3],complexity[1],"orientation[1]];"""
"103;""asfault_roads/driver_ai/test_1904.json.geometry.json.interactive_plot.json"";""1"";""tag-for-sector-0=[smoothness[1]",complexity[4],orientation[2]];tag-for-sector-1=[smoothness[4],complexity[1],orientation[2]];tag-for-sector-2=[smoothness[0],complexity[5],orientation[3]];tag-for-sector-3=[smoothness[4],complexity[1],"orientation[1]];"""
"104;""asfault_roads/beamng_risk_2/run1/test_0595.json.geometry.json.interactive_plot.json"";""2"";""tag-for-sector-0=[smoothness[3]",complexity[2],orientation[1]];tag-for-sector-1=[smoothness[4],complexity[2],orientation[2]];tag-for-sector-2=[smoothness[1],complexity[3],"orientation[2]];""",,
"105;""asfault_roads/driver_ai/test_3890.json.geometry.json.interactive_plot.json"";""4"";""tag-for-sector-0=[smoothness[1]",complexity[3],orientation[3]];tag-for-sector-1=[smoothness[1],complexity[4],orientation[2]];tag-for-sector-2=[smoothness[2],complexity[2],orientation[4]];tag-for-sector-3=[smoothness[0],complexity[5],"orientation[2]];"""
"106;""asfault_roads/driver_ai/test_1305.json.geometry.json.interactive_plot.json"";""4"";""tag-for-sector-0=[smoothness[5]",complexity[2],orientation[2]];tag-for-sector-1=[smoothness[4],complexity[2],orientation[3]];tag-for-sector-2=[smoothness[1],complexity[4],orientation[2]];tag-for-sector-3=[smoothness[5],complexity[0],"orientation[1]];"""
"107;""asfault_roads/driver_ai/test_4332.json.geometry.json.interactive_plot.json"";""4"";""tag-for-sector-0=[smoothness[4]",complexity[2],orientation[3]];tag-for-sector-1=[smoothness[3],complexity[3],orientation[4]];tag-for-sector-2=[smoothness[1],complexity[3],orientation[3]];tag-for-sector-3=[smoothness[5],complexity[1],"orientation[2]];"""
"108;""asfault_roads/beamng_risk_2/run1/test_1363.json.geometry.json.interactive_plot.json"";""1"";""tag-for-sector-0=[smoothness[3]",complexity[2],orientation[2]];tag-for-sector-1=[smoothness[3],complexity[3],orientation[2]];tag-for-sector-2=[smoothness[0],complexity[5],"orientation[4]];""",,
"109;""asfault_roads/driver_ai/test_1820.json.geometry.json.interactive_plot.json"";""2"";""tag-for-sector-0=[smoothness[4]",complexity[2],orientation[1]];tag-for-sector-1=[smoothness[3],complexity[3],orientation[3]];tag-for-sector-2=[smoothness[4],complexity[3],orientation[2]];tag-for-sector-3=[smoothness[3],complexity[1],"orientation[1]];"""
"110;""asfault_roads/driver_ai/test_4140.json.geometry.json.interactive_plot.json"";""1"";""tag-for-sector-0=[smoothness[0]",complexity[5],orientation[2]];tag-for-sector-1=[smoothness[1],complexity[4],orientation[3]];tag-for-sector-2=[smoothness[3],complexity[2],orientation[2]];tag-for-sector-3=[smoothness[1],complexity[4],"orientation[3]];"""
"111;""asfault_roads/beamng_risk_1.5/test_unsafe_4914.json.geometry.json.interactive_plot.json"";""4"";""tag-for-sector-0=[smoothness[5]",complexity[2],orientation[4]];tag-for-sector-1=[smoothness[3],complexity[3],orientation[3]];tag-for-sector-2=[smoothness[2],complexity[3],"orientation[4]];""",,
"112;""asfault_roads/driver_ai/test_5377.json.geometry.json.interactive_plot.json"";""1"";""tag-for-sector-0=[smoothness[5]",complexity[0],orientation[1]];tag-for-sector-1=[smoothness[3],complexity[2],orientation[1]];tag-for-sector-2=[smoothness[5],complexity[1],orientation[2]];tag-for-sector-3=[smoothness[3],complexity[2],"orientation[3]];"""
"113;""asfault_roads/beamng_risk_1.5/test_unsafe_4935.json.geometry.json.interactive_plot.json"";""4"";""tag-for-sector-0=[smoothness[2]",complexity[2],orientation[3]];tag-for-sector-1=[smoothness[3],complexity[3],orientation[3]];tag-for-sector-2=[smoothness[2],complexity[3],"orientation[2]];""",,
"114;""asfault_roads/driver_ai/test_1498.json.geometry.json.interactive_plot.json"";""1"";""tag-for-sector-0=[smoothness[4]",complexity[0],orientation[1]];tag-for-sector-1=[smoothness[4],complexity[1],orientation[2]];tag-for-sector-2=[smoothness[4],complexity[1],orientation[1]];tag-for-sector-3=[smoothness[3],complexity[2],"orientation[1]];"""
"115;""asfault_roads/beamng_risk_1.5/test_unsafe_3628.json.geometry.json.interactive_plot.json"";""2"";""tag-for-sector-0=[smoothness[4]",complexity[1],orientation[3]];tag-for-sector-1=[smoothness[4],complexity[3],orientation[2]];tag-for-sector-2=[smoothness[4],complexity[1],orientation[1]];tag-for-sector-3=[smoothness[5],complexity[0],"orientation[0]];"""
"116;""asfault_roads/beamng_risk_1.5/test_unsafe_88.json.geometry.json.interactive_plot.json"";""1"";""tag-for-sector-0=[smoothness[0]",complexity[5],orientation[3]];tag-for-sector-1=[smoothness[3],complexity[2],orientation[3]];tag-for-sector-2=[smoothness[3],complexity[2],orientation[2]];tag-for-sector-3=[smoothness[3],complexity[2],"orientation[1]];"""
"117;""asfault_roads/beamng_risk_1.5/test_unsafe_4564.json.geometry.json.interactive_plot.json"";""3"";""tag-for-sector-0=[smoothness[4]",complexity[2],orientation[1]];tag-for-sector-1=[smoothness[3],complexity[5],orientation[1]];tag-for-sector-2=[smoothness[5],complexity[2],"orientation[1]];""",,
"118;""asfault_roads/beamng_risk_1/run2/test_0757.json.geometry.json.interactive_plot.json"";""3"";""tag-for-sector-0=[smoothness[4]",complexity[2],orientation[2]];tag-for-sector-1=[smoothness[1],complexity[3],orientation[3]];tag-for-sector-2=[smoothness[4],complexity[2],"orientation[2]];""",,
"119;""asfault_roads/driver_ai/test_1880.json.geometry.json.interactive_plot.json"";""3"";""tag-for-sector-0=[smoothness[1]",complexity[4],orientation[2]];tag-for-sector-1=[smoothness[3],complexity[2],orientation[2]];tag-for-sector-2=[smoothness[4],complexity[2],orientation[2]];tag-for-sector-3=[smoothness[5],complexity[1],"orientation[1]];"""
"120;""asfault_roads/beamng_risk_1/run2/test_0240.json.geometry.json.interactive_plot.json"";""3"";""tag-for-sector-0=[smoothness[4]",complexity[2],orientation[2]];tag-for-sector-1=[smoothness[2],complexity[4],orientation[2]];tag-for-sector-2=[smoothness[3],complexity[3],orientation[1]];tag-for-sector-3=[smoothness[1],complexity[2],"orientation[3]];"""
"121;""asfault_roads/beamng_risk_1.5/test_unsafe_1233.json.geometry.json.interactive_plot.json"";""1"";""tag-for-sector-0=[smoothness[4]",complexity[2],orientation[2]];tag-for-sector-1=[smoothness[4],complexity[1],orientation[1]];tag-for-sector-2=[smoothness[5],complexity[0],"orientation[0]];""",,
"122;""asfault_roads/beamng_risk_2/run1/test_0201.json.geometry.json.interactive_plot.json"";""3"";""tag-for-sector-0=[smoothness[4]",complexity[2],orientation[1]];tag-for-sector-1=[smoothness[5],complexity[1],orientation[1]];tag-for-sector-2=[smoothness[5],complexity[1],orientation[1]];tag-for-sector-3=[smoothness[5],complexity[0],"orientation[0]];"""
"123;""asfault_roads/beamng_risk_2/run1/test_0227.json.geometry.json.interactive_plot.json"";""1"";""tag-for-sector-0=[smoothness[2]",complexity[4],orientation[2]];tag-for-sector-1=[smoothness[1],complexity[4],orientation[3]];tag-for-sector-2=[smoothness[2],complexity[2],orientation[2]];tag-for-sector-3=[smoothness[3],complexity[1],"orientation[1]];"""
"124;""asfault_roads/beamng_risk_1.5/test_unsafe_5003.json.geometry.json.interactive_plot.json"";""1"";""tag-for-sector-0=[smoothness[3]",complexity[2],orientation[1]];tag-for-sector-1=[smoothness[4],complexity[2],orientation[2]];tag-for-sector-2=[smoothness[4],complexity[2],orientation[2]];tag-for-sector-3=[smoothness[3],complexity[3],"orientation[2]];"""
"125;""asfault_roads/beamng_risk_1.5/test_unsafe_1353.json.geometry.json.interactive_plot.json"";""4"";""tag-for-sector-0=[smoothness[1]",complexity[3],orientation[2]];tag-for-sector-1=[smoothness[1],complexity[3],orientation[3]];tag-for-sector-2=[smoothness[1],complexity[3],orientation[3]];tag-for-sector-3=[smoothness[4],complexity[1],"orientation[2]];"""
"126;""asfault_roads/beamng_risk_1.5/test_unsafe_940.json.geometry.json.interactive_plot.json"";""3"";""tag-for-sector-0=[smoothness[4]",complexity[3],orientation[2]];tag-for-sector-1=[smoothness[4],complexity[2],orientation[2]];tag-for-sector-2=[smoothness[2],complexity[3],orientation[3]];tag-for-sector-3=[smoothness[4],complexity[1],"orientation[1]];"""
"127;""asfault_roads/driver_ai/test_3565.json.geometry.json.interactive_plot.json"";""2"";""tag-for-sector-0=[smoothness[3]",complexity[2],orientation[3]];tag-for-sector-1=[smoothness[4],complexity[2],orientation[1]];tag-for-sector-2=[smoothness[2],complexity[3],orientation[2]];tag-for-sector-3=[smoothness[2],complexity[2],"orientation[2]];"""
"128;""asfault_roads/driver_ai/test_4758.json.geometry.json.interactive_plot.json"";""3"";""tag-for-sector-0=[smoothness[4]",complexity[3],orientation[1]];tag-for-sector-1=[smoothness[1],complexity[4],orientation[2]];tag-for-sector-2=[smoothness[1],complexity[3],"orientation[1]];""",,
"129;""asfault_roads/beamng_risk_1.5/test_unsafe_5176.json.geometry.json.interactive_plot.json"";""1"";""tag-for-sector-0=[smoothness[2]",complexity[2],orientation[2]];tag-for-sector-1=[smoothness[5],complexity[1],orientation[2]];tag-for-sector-2=[smoothness[2],complexity[3],orientation[3]];tag-for-sector-3=[smoothness[1],complexity[3],"orientation[1]];"""
"130;""asfault_roads/beamng_risk_1.5/test_unsafe_3422.json.geometry.json.interactive_plot.json"";""2"";""tag-for-sector-0=[smoothness[2]",complexity[2],orientation[1]];tag-for-sector-1=[smoothness[3],complexity[2],orientation[3]];tag-for-sector-2=[smoothness[5],complexity[1],orientation[1]];tag-for-sector-3=[smoothness[4],complexity[1],"orientation[1]];"""
"131;""asfault_roads/driver_ai/test_2167.json.geometry.json.interactive_plot.json"";""3"";""tag-for-sector-0=[smoothness[1]",complexity[3],orientation[2]];tag-for-sector-1=[smoothness[4],complexity[1],orientation[2]];tag-for-sector-2=[smoothness[3],complexity[2],orientation[1]];tag-for-sector-3=[smoothness[5],complexity[1],"orientation[0]];"""
"132;""asfault_roads/driver_ai/test_43.json.geometry.json.interactive_plot.json"";""1"";""tag-for-sector-0=[smoothness[4]",complexity[2],orientation[2]];tag-for-sector-1=[smoothness[0],complexity[5],orientation[4]];tag-for-sector-2=[smoothness[1],complexity[4],orientation[4]];tag-for-sector-3=[smoothness[5],complexity[0],"orientation[0]];"""
"133;""asfault_roads/driver_ai/test_2903.json.geometry.json.interactive_plot.json"";""4"";""tag-for-sector-0=[smoothness[3]",complexity[1],orientation[2]];tag-for-sector-1=[smoothness[2],complexity[2],orientation[3]];tag-for-sector-2=[smoothness[1],complexity[5],orientation[3]];tag-for-sector-3=[smoothness[5],complexity[1],"orientation[2]];"""
"134;""asfault_roads/beamng_risk_2/run1/test_0831.json.geometry.json.interactive_plot.json"";""4"";""tag-for-sector-0=[smoothness[1]",complexity[3],orientation[4]];tag-for-sector-1=[smoothness[2],complexity[2],orientation[3]];tag-for-sector-2=[smoothness[4],complexity[1],orientation[2]];tag-for-sector-3=[smoothness[5],complexity[0],"orientation[1]];"""
"135;""asfault_roads/driver_ai/test_3822.json.geometry.json.interactive_plot.json"";""2"";""tag-for-sector-0=[smoothness[2]",complexity[3],orientation[2]];tag-for-sector-1=[smoothness[2],complexity[4],orientation[2]];tag-for-sector-2=[smoothness[1],complexity[3],orientation[2]];tag-for-sector-3=[smoothness[4],complexity[0],"orientation[1]];"""
"136;""asfault_roads/beamng_risk_1.5/test_unsafe_3602.json.geometry.json.interactive_plot.json"";""3"";""tag-for-sector-0=[smoothness[3]",complexity[3],orientation[2]];tag-for-sector-1=[smoothness[1],complexity[3],orientation[3]];tag-for-sector-2=[smoothness[2],complexity[4],"orientation[2]];""",,
"137;""asfault_roads/beamng_risk_2/run1/test_0402.json.geometry.json.interactive_plot.json"";""2"";""tag-for-sector-0=[smoothness[4]",complexity[1],orientation[1]];tag-for-sector-1=[smoothness[4],complexity[1],orientation[1]];tag-for-sector-2=[smoothness[4],complexity[1],orientation[1]];tag-for-sector-3=[smoothness[5],complexity[2],"orientation[1]];"""
"138;""asfault_roads/beamng_risk_2/run1/test_0908.json.geometry.json.interactive_plot.json"";""1"";""tag-for-sector-0=[smoothness[3]",complexity[3],orientation[3]];tag-for-sector-1=[smoothness[5],complexity[1],orientation[2]];tag-for-sector-2=[smoothness[2],complexity[3],orientation[3]];tag-for-sector-3=[smoothness[2],complexity[3],"orientation[2]];"""
"139;""asfault_roads/driver_ai/test_1403.json.geometry.json.interactive_plot.json"";""2"";""tag-for-sector-0=[smoothness[2]",complexity[3],orientation[2]];tag-for-sector-1=[smoothness[4],complexity[1],orientation[1]];tag-for-sector-2=[smoothness[2],complexity[1],orientation[2]];tag-for-sector-3=[smoothness[5],complexity[0],"orientation[0]];"""
"140;""asfault_roads/beamng_risk_1.5/test_unsafe_4715.json.geometry.json.interactive_plot.json"";""1"";""tag-for-sector-0=[smoothness[4]",complexity[1],orientation[2]];tag-for-sector-1=[smoothness[4],complexity[1],orientation[2]];tag-for-sector-2=[smoothness[4],complexity[1],orientation[2]];tag-for-sector-3=[smoothness[5],complexity[0],"orientation[1]];"""
"141;""asfault_roads/beamng_risk_1.5/test_unsafe_4757.json.geometry.json.interactive_plot.json"";""1"";""tag-for-sector-0=[smoothness[4]",complexity[2],orientation[2]];tag-for-sector-1=[smoothness[4],complexity[2],orientation[2]];tag-for-sector-2=[smoothness[3],complexity[2],orientation[1]];tag-for-sector-3=[smoothness[5],complexity[0],"orientation[1]];"""
"142;""asfault_roads/beamng_risk_1.5/test_unsafe_4547.json.geometry.json.interactive_plot.json"";""2"";""tag-for-sector-0=[smoothness[4]",complexity[2],orientation[3]];tag-for-sector-1=[smoothness[4],complexity[2],orientation[2]];tag-for-sector-2=[smoothness[3],complexity[3],orientation[2]];tag-for-sector-3=[smoothness[5],complexity[0],"orientation[0]];"""
"143;""asfault_roads/beamng_risk_1.5/test_unsafe_3768.json.geometry.json.interactive_plot.json"";""1"";""tag-for-sector-0=[smoothness[4]",complexity[2],orientation[2]];tag-for-sector-1=[smoothness[3],complexity[3],orientation[3]];tag-for-sector-2=[smoothness[4],complexity[1],orientation[2]];tag-for-sector-3=[smoothness[4],complexity[1],"orientation[1]];"""
"144;""asfault_roads/beamng_risk_1.5/test_unsafe_771.json.geometry.json.interactive_plot.json"";""2"";""tag-for-sector-0=[smoothness[1]",complexity[3],orientation[3]];tag-for-sector-1=[smoothness[2],complexity[4],orientation[4]];tag-for-sector-2=[smoothness[4],complexity[1],orientation[3]];tag-for-sector-3=[smoothness[4],complexity[2],"orientation[1]];"""
"145;""asfault_roads/driver_ai/test_3514.json.geometry.json.interactive_plot.json"";""2"";""tag-for-sector-0=[smoothness[4]",complexity[1],orientation[1]];tag-for-sector-1=[smoothness[0],complexity[4],orientation[2]];tag-for-sector-2=[smoothness[4],complexity[2],orientation[2]];tag-for-sector-3=[smoothness[0],complexity[1],"orientation[2]];"""
"146;""asfault_roads/beamng_risk_2/run1/test_0241.json.geometry.json.interactive_plot.json"";""2"";""tag-for-sector-0=[smoothness[5]",complexity[2],orientation[1]];tag-for-sector-1=[smoothness[3],complexity[3],orientation[2]];tag-for-sector-2=[smoothness[2],complexity[2],orientation[2]];tag-for-sector-3=[smoothness[5],complexity[0],"orientation[0]];"""
"147;""asfault_roads/driver_ai/test_4871.json.geometry.json.interactive_plot.json"";""3"";""tag-for-sector-0=[smoothness[3]",complexity[3],orientation[2]];tag-for-sector-1=[smoothness[2],complexity[2],orientation[4]];tag-for-sector-2=[smoothness[3],complexity[2],orientation[2]];tag-for-sector-3=[smoothness[3],complexity[1],"orientation[1]];"""
"148;""asfault_roads/driver_ai/test_4516.json.geometry.json.interactive_plot.json"";""3"";""tag-for-sector-0=[smoothness[2]",complexity[2],orientation[3]];tag-for-sector-1=[smoothness[4],complexity[2],orientation[2]];tag-for-sector-2=[smoothness[1],complexity[3],"orientation[2]];""",,
"149;""asfault_roads/beamng_risk_1/run2/test_0139.json.geometry.json.interactive_plot.json"";""4"";""tag-for-sector-0=[smoothness[3]",complexity[3],orientation[3]];tag-for-sector-1=[smoothness[3],complexity[2],orientation[3]];tag-for-sector-2=[smoothness[4],complexity[1],orientation[3]];tag-for-sector-3=[smoothness[2],complexity[3],"orientation[2]];"""
"150;""asfault_roads/driver_ai/test_2482.json.geometry.json.interactive_plot.json"";""4"";""tag-for-sector-0=[smoothness[3]",complexity[4],orientation[3]];tag-for-sector-1=[smoothness[4],complexity[2],orientation[4]];tag-for-sector-2=[smoothness[3],complexity[3],orientation[4]];tag-for-sector-3=[smoothness[3],complexity[3],"orientation[4]];"""
"151;""asfault_roads/driver_ai/test_1016.json.geometry.json.interactive_plot.json"";""2"";""tag-for-sector-0=[smoothness[3]",complexity[2],orientation[2]];tag-for-sector-1=[smoothness[2],complexity[3],orientation[3]];tag-for-sector-2=[smoothness[5],complexity[1],orientation[1]];tag-for-sector-3=[smoothness[1],complexity[4],"orientation[2]];"""
"152;""asfault_roads/beamng_risk_1.5/test_unsafe_569.json.geometry.json.interactive_plot.json"";""2"";""tag-for-sector-0=[smoothness[2]",complexity[3],orientation[1]];tag-for-sector-1=[smoothness[1],complexity[4],orientation[2]];tag-for-sector-2=[smoothness[0],complexity[3],orientation[3]];tag-for-sector-3=[smoothness[4],complexity[1],"orientation[1]];"""
"153;""asfault_roads/driver_ai/test_4481.json.geometry.json.interactive_plot.json"";""4"";""tag-for-sector-0=[smoothness[3]",complexity[1],orientation[2]];tag-for-sector-1=[smoothness[1],complexity[3],orientation[2]];tag-for-sector-2=[smoothness[4],complexity[2],orientation[2]];tag-for-sector-3=[smoothness[5],complexity[1],"orientation[1]];"""
"154;""asfault_roads/driver_ai/test_3940.json.geometry.json.interactive_plot.json"";""3"";""tag-for-sector-0=[smoothness[4]",complexity[3],orientation[2]];tag-for-sector-1=[smoothness[2],complexity[3],orientation[2]];tag-for-sector-2=[smoothness[5],complexity[1],orientation[1]];tag-for-sector-3=[smoothness[4],complexity[1],"orientation[2]];"""
"155;""asfault_roads/beamng_risk_1.5/test_unsafe_3744.json.geometry.json.interactive_plot.json"";""3"";""tag-for-sector-0=[smoothness[2]",complexity[2],orientation[2]];tag-for-sector-1=[smoothness[2],complexity[3],orientation[2]];tag-for-sector-2=[smoothness[2],complexity[3],orientation[2]];tag-for-sector-3=[smoothness[5],complexity[1],"orientation[1]];"""
"156;""asfault_roads/beamng_risk_1.5/test_unsafe_440.json.geometry.json.interactive_plot.json"";""3"";""tag-for-sector-0=[smoothness[3]",complexity[2],orientation[1]];tag-for-sector-1=[smoothness[4],complexity[2],orientation[2]];tag-for-sector-2=[smoothness[2],complexity[3],orientation[2]];tag-for-sector-3=[smoothness[5],complexity[0],"orientation[2]];"""
"157;""asfault_roads/driver_ai/test_1998.json.geometry.json.interactive_plot.json"";""2"";""tag-for-sector-0=[smoothness[3]",complexity[3],orientation[3]];tag-for-sector-1=[smoothness[4],complexity[2],orientation[1]];tag-for-sector-2=[smoothness[4],complexity[2],"orientation[1]];""",,
"158;""asfault_roads/beamng_risk_2/run2/test_0059.json.geometry.json.interactive_plot.json"";""2"";""tag-for-sector-0=[smoothness[2]",complexity[2],orientation[1]];tag-for-sector-1=[smoothness[3],complexity[2],orientation[1]];tag-for-sector-2=[smoothness[4],complexity[1],orientation[1]];tag-for-sector-3=[smoothness[3],complexity[1],"orientation[1]];"""
"159;""asfault_roads/driver_ai/test_4791.json.geometry.json.interactive_plot.json"";""2"";""tag-for-sector-0=[smoothness[4]",complexity[1],orientation[2]];tag-for-sector-1=[smoothness[4],complexity[2],orientation[1]];tag-for-sector-2=[smoothness[3],complexity[3],orientation[2]];tag-for-sector-3=[smoothness[4],complexity[1],"orientation[1]];"""
"160;""asfault_roads/beamng_risk_2/run1/test_1207.json.geometry.json.interactive_plot.json"";""1"";""tag-for-sector-0=[smoothness[2]",complexity[3],orientation[1]];tag-for-sector-1=[smoothness[2],complexity[3],orientation[2]];tag-for-sector-2=[smoothness[3],complexity[3],"orientation[3]];""",,
"161;""asfault_roads/beamng_risk_1.5/test_unsafe_645.json.geometry.json.interactive_plot.json"";""2"";""tag-for-sector-0=[smoothness[2]",complexity[3],orientation[2]];tag-for-sector-1=[smoothness[4],complexity[2],orientation[1]];tag-for-sector-2=[smoothness[3],complexity[2],orientation[3]];tag-for-sector-3=[smoothness[4],complexity[2],"orientation[1]];"""
"162;""asfault_roads/beamng_risk_1/run2/test_0081.json.geometry.json.interactive_plot.json"";""1"";""tag-for-sector-0=[smoothness[3]",complexity[3],orientation[2]];tag-for-sector-1=[smoothness[3],complexity[1],orientation[2]];tag-for-sector-2=[smoothness[2],complexity[3],orientation[3]];tag-for-sector-3=[smoothness[2],complexity[2],"orientation[2]];"""
"163;""asfault_roads/driver_ai/test_2819.json.geometry.json.interactive_plot.json"";""4"";""tag-for-sector-0=[smoothness[3]",complexity[3],orientation[1]];tag-for-sector-1=[smoothness[5],complexity[2],orientation[2]];tag-for-sector-2=[smoothness[4],complexity[2],orientation[1]];tag-for-sector-3=[smoothness[5],complexity[1],"orientation[2]];"""
"164;""asfault_roads/beamng_risk_1/run2/test_0399.json.geometry.json.interactive_plot.json"";""1"";""tag-for-sector-0=[smoothness[4]",complexity[1],orientation[2]];tag-for-sector-1=[smoothness[3],complexity[1],orientation[2]];tag-for-sector-2=[smoothness[4],complexity[1],orientation[1]];tag-for-sector-3=[smoothness[3],complexity[1],"orientation[1]];"""
"165;""asfault_roads/driver_ai/test_5495.json.geometry.json.interactive_plot.json"";""3"";""tag-for-sector-0=[smoothness[1]",complexity[4],orientation[1]];tag-for-sector-1=[smoothness[5],complexity[2],orientation[1]];tag-for-sector-2=[smoothness[5],complexity[1],"orientation[2]];""",,
"166;""asfault_roads/beamng_risk_1.5/test_unsafe_4515.json.geometry.json.interactive_plot.json"";""3"";""tag-for-sector-0=[smoothness[3]",complexity[2],orientation[1]];tag-for-sector-1=[smoothness[5],complexity[2],orientation[1]];tag-for-sector-2=[smoothness[4],complexity[2],"orientation[1]];""",,
"167;""asfault_roads/beamng_risk_1.5/test_unsafe_2432.json.geometry.json.interactive_plot.json"";""3"";""tag-for-sector-0=[smoothness[1]",complexity[4],orientation[2]];tag-for-sector-1=[smoothness[4],complexity[1],orientation[3]];tag-for-sector-2=[smoothness[0],complexity[4],orientation[2]];tag-for-sector-3=[smoothness[4],complexity[1],"orientation[1]];"""
"168;""asfault_roads/driver_ai/test_5016.json.geometry.json.interactive_plot.json"";""4"";""tag-for-sector-0=[smoothness[2]",complexity[2],orientation[3]];tag-for-sector-1=[smoothness[1],complexity[5],orientation[2]];tag-for-sector-2=[smoothness[2],complexity[3],orientation[2]];tag-for-sector-3=[smoothness[4],complexity[1],"orientation[3]];"""
"169;""asfault_roads/driver_ai/test_4741.json.geometry.json.interactive_plot.json"";""1"";""tag-for-sector-0=[smoothness[4]",complexity[1],orientation[1]];tag-for-sector-1=[smoothness[0],complexity[4],orientation[3]];tag-for-sector-2=[smoothness[5],complexity[1],orientation[2]];tag-for-sector-3=[smoothness[5],complexity[0],"orientation[1]];"""
"170;""asfault_roads/beamng_risk_1.5/test_unsafe_883.json.geometry.json.interactive_plot.json"";""2"";""tag-for-sector-0=[smoothness[4]",complexity[2],orientation[1]];tag-for-sector-1=[smoothness[2],complexity[2],orientation[2]];tag-for-sector-2=[smoothness[3],complexity[3],orientation[1]];tag-for-sector-3=[smoothness[4],complexity[1],"orientation[1]];"""
"171;""asfault_roads/driver_ai/test_1743.json.geometry.json.interactive_plot.json"";""2"";""tag-for-sector-0=[smoothness[4]",complexity[3],orientation[3]];tag-for-sector-1=[smoothness[4],complexity[2],orientation[3]];tag-for-sector-2=[smoothness[4],complexity[4],orientation[1]];tag-for-sector-3=[smoothness[5],complexity[0],"orientation[1]];"""
"172;""asfault_roads/beamng_risk_1.5/test_unsafe_2809.json.geometry.json.interactive_plot.json"";""2"";""tag-for-sector-0=[smoothness[4]",complexity[1],orientation[1]];tag-for-sector-1=[smoothness[1],complexity[4],orientation[2]];tag-for-sector-2=[smoothness[3],complexity[1],orientation[1]];tag-for-sector-3=[smoothness[4],complexity[1],"orientation[2]];"""
"173;""asfault_roads/beamng_risk_1.5/test_unsafe_1487.json.geometry.json.interactive_plot.json"";""1"";""tag-for-sector-0=[smoothness[3]",complexity[3],orientation[2]];tag-for-sector-1=[smoothness[2],complexity[3],orientation[2]];tag-for-sector-2=[smoothness[3],complexity[2],"orientation[3]];""",,
"174;""asfault_roads/beamng_risk_2/run1/test_0829.json.geometry.json.interactive_plot.json"";""4"";""tag-for-sector-0=[smoothness[2]",complexity[2],orientation[3]];tag-for-sector-1=[smoothness[2],complexity[3],orientation[3]];tag-for-sector-2=[smoothness[1],complexity[4],orientation[2]];tag-for-sector-3=[smoothness[1],complexity[4],"orientation[2]];"""
"175;""asfault_roads/beamng_risk_1/run1/test_0207.json.geometry.json.interactive_plot.json"";""4"";""tag-for-sector-0=[smoothness[2]",complexity[3],orientation[4]];tag-for-sector-1=[smoothness[2],complexity[3],orientation[4]];tag-for-sector-2=[smoothness[1],complexity[4],orientation[4]];tag-for-sector-3=[smoothness[1],complexity[4],"orientation[3]];"""
"176;""asfault_roads/driver_ai/test_5468.json.geometry.json.interactive_plot.json"";""2"";""tag-for-sector-0=[smoothness[3]",complexity[2],orientation[2]];tag-for-sector-1=[smoothness[5],complexity[1],orientation[1]];tag-for-sector-2=[smoothness[3],complexity[4],orientation[2]];tag-for-sector-3=[smoothness[5],complexity[0],"orientation[0]];"""
"177;""asfault_roads/beamng_risk_1.5/test_unsafe_2041.json.geometry.json.interactive_plot.json"";""3"";""tag-for-sector-0=[smoothness[1]",complexity[1],orientation[2]];tag-for-sector-1=[smoothness[5],complexity[1],orientation[1]];tag-for-sector-2=[smoothness[2],complexity[1],orientation[3]];tag-for-sector-3=[smoothness[2],complexity[2],"orientation[3]];"""
"178;""asfault_roads/beamng_risk_2/run1/test_1323.json.geometry.json.interactive_plot.json"";""3"";""tag-for-sector-0=[smoothness[3]",complexity[3],orientation[2]];tag-for-sector-1=[smoothness[2],complexity[3],orientation[2]];tag-for-sector-2=[smoothness[4],complexity[2],orientation[1]];tag-for-sector-3=[smoothness[4],complexity[1],"orientation[1]];"""
"179;""asfault_roads/driver_ai/test_285.json.geometry.json.interactive_plot.json"";""2"";""tag-for-sector-0=[smoothness[0]",complexity[5],orientation[3]];tag-for-sector-1=[smoothness[4],complexity[1],orientation[1]];tag-for-sector-2=[smoothness[4],complexity[1],orientation[1]];tag-for-sector-3=[smoothness[2],complexity[1],"orientation[2]];"""
"180;""asfault_roads/driver_ai/test_3769.json.geometry.json.interactive_plot.json"";""4"";""tag-for-sector-0=[smoothness[1]",complexity[2],orientation[4]];tag-for-sector-1=[smoothness[1],complexity[3],orientation[4]];tag-for-sector-2=[smoothness[1],complexity[2],"orientation[4]];""",,
"181;""asfault_roads/beamng_risk_1.5/test_unsafe_5368.json.geometry.json.interactive_plot.json"";""1"";""tag-for-sector-0=[smoothness[4]",complexity[2],orientation[2]];tag-for-sector-1=[smoothness[3],complexity[2],orientation[3]];tag-for-sector-2=[smoothness[3],complexity[2],orientation[2]];tag-for-sector-3=[smoothness[0],complexity[4],"orientation[3]];"""
"182;""asfault_roads/driver_ai/test_4909.json.geometry.json.interactive_plot.json"";""3"";""tag-for-sector-0=[smoothness[2]",complexity[2],orientation[2]];tag-for-sector-1=[smoothness[0],complexity[3],orientation[1]];tag-for-sector-2=[smoothness[5],complexity[2],orientation[1]];tag-for-sector-3=[smoothness[0],complexity[2],"orientation[1]];"""
"183;""asfault_roads/beamng_risk_2/run1/test_0012.json.geometry.json.interactive_plot.json"";""2"";""tag-for-sector-0=[smoothness[4]",complexity[1],orientation[1]];tag-for-sector-1=[smoothness[2],complexity[2],orientation[2]];tag-for-sector-2=[smoothness[2],complexity[4],"orientation[1]];""",,
"184;""asfault_roads/beamng_risk_1.5/test_unsafe_2730.json.geometry.json.interactive_plot.json"";""2"";""tag-for-sector-0=[smoothness[2]",complexity[1],orientation[1]];tag-for-sector-1=[smoothness[5],complexity[1],orientation[1]];tag-for-sector-2=[smoothness[2],complexity[2],orientation[1]];tag-for-sector-3=[smoothness[5],complexity[1],"orientation[1]];"""
"185;""asfault_roads/driver_ai/test_3179.json.geometry.json.interactive_plot.json"";""4"";""tag-for-sector-0=[smoothness[5]",complexity[2],orientation[3]];tag-for-sector-1=[smoothness[5],complexity[2],orientation[1]];tag-for-sector-2=[smoothness[1],complexity[5],"orientation[4]];""",,
"186;""asfault_roads/beamng_risk_1.5/test_unsafe_4090.json.geometry.json.interactive_plot.json"";""3"";""tag-for-sector-0=[smoothness[5]",complexity[1],orientation[1]];tag-for-sector-1=[smoothness[0],complexity[3],orientation[2]];tag-for-sector-2=[smoothness[0],complexity[3],orientation[2]];tag-for-sector-3=[smoothness[4],complexity[1],"orientation[1]];"""
"187;""asfault_roads/beamng_risk_1.5/test_unsafe_4810.json.geometry.json.interactive_plot.json"";""3"";""tag-for-sector-0=[smoothness[2]",complexity[2],orientation[2]];tag-for-sector-1=[smoothness[2],complexity[3],orientation[2]];tag-for-sector-2=[smoothness[4],complexity[1],orientation[1]];tag-for-sector-3=[smoothness[0],complexity[3],"orientation[2]];"""
"188;""asfault_roads/beamng_risk_1.5/test_unsafe_3475.json.geometry.json.interactive_plot.json"";""3"";""tag-for-sector-0=[smoothness[0]",complexity[4],orientation[3]];tag-for-sector-1=[smoothness[4],complexity[2],orientation[2]];tag-for-sector-2=[smoothness[1],complexity[2],orientation[2]];tag-for-sector-3=[smoothness[3],complexity[2],"orientation[1]];"""
"189;""asfault_roads/driver_ai/test_5408.json.geometry.json.interactive_plot.json"";""4"";""tag-for-sector-0=[smoothness[3]",complexity[3],orientation[2]];tag-for-sector-1=[smoothness[2],complexity[3],orientation[4]];tag-for-sector-2=[smoothness[4],complexity[3],orientation[3]];tag-for-sector-3=[smoothness[1],complexity[2],"orientation[3]];"""
"190;""asfault_roads/beamng_risk_1.5/test_unsafe_5473.json.geometry.json.interactive_plot.json"";""4"";""tag-for-sector-0=[smoothness[3]",complexity[3],orientation[3]];tag-for-sector-1=[smoothness[2],complexity[3],orientation[2]];tag-for-sector-2=[smoothness[2],complexity[3],"orientation[3]];""",,
"191;""asfault_roads/beamng_risk_2/run1/test_0407.json.geometry.json.interactive_plot.json"";""4"";""tag-for-sector-0=[smoothness[0]",complexity[4],orientation[2]];tag-for-sector-1=[smoothness[1],complexity[4],orientation[3]];tag-for-sector-2=[smoothness[5],complexity[1],orientation[3]];tag-for-sector-3=[smoothness[1],complexity[3],"orientation[2]];"""
"192;""asfault_roads/driver_ai/test_4675.json.geometry.json.interactive_plot.json"";""2"";""tag-for-sector-0=[smoothness[1]",complexity[2],orientation[3]];tag-for-sector-1=[smoothness[4],complexity[1],orientation[3]];tag-for-sector-2=[smoothness[2],complexity[2],"orientation[3]];""",,
"193;""asfault_roads/driver_ai/test_1336.json.geometry.json.interactive_plot.json"";""2"";""tag-for-sector-0=[smoothness[3]",complexity[2],orientation[2]];tag-for-sector-1=[smoothness[2],complexity[2],orientation[2]];tag-for-sector-2=[smoothness[4],complexity[1],"orientation[3]];""",,
"194;""asfault_roads/beamng_risk_1.5/test_unsafe_4696.json.geometry.json.interactive_plot.json"";""2"";""tag-for-sector-0=[smoothness[5]",complexity[1],orientation[1]];tag-for-sector-1=[smoothness[1],complexity[2],orientation[2]];tag-for-sector-2=[smoothness[5],complexity[2],"orientation[1]];""",,
"195;""asfault_roads/driver_ai/test_5140.json.geometry.json.interactive_plot.json"";""4"";""tag-for-sector-0=[smoothness[1]",complexity[5],orientation[3]];tag-for-sector-1=[smoothness[5],complexity[1],orientation[3]];tag-for-sector-2=[smoothness[3],complexity[3],orientation[4]];tag-for-sector-3=[smoothness[2],complexity[2],"orientation[2]];"""
"196;""asfault_roads/beamng_risk_1.5/test_unsafe_1238.json.geometry.json.interactive_plot.json"";""3"";""tag-for-sector-0=[smoothness[3]",complexity[3],orientation[3]];tag-for-sector-1=[smoothness[2],complexity[3],orientation[4]];tag-for-sector-2=[smoothness[5],complexity[1],"orientation[2]];""",,
"197;""asfault_roads/beamng_risk_2/run1/test_0219.json.geometry.json.interactive_plot.json"";""1"";""tag-for-sector-0=[smoothness[4]",complexity[1],orientation[1]];tag-for-sector-1=[smoothness[2],complexity[3],orientation[2]];tag-for-sector-2=[smoothness[4],complexity[1],orientation[1]];tag-for-sector-3=[smoothness[5],complexity[0],"orientation[0]];"""
"198;""asfault_roads/driver_ai/test_3742.json.geometry.json.interactive_plot.json"";""2"";""tag-for-sector-0=[smoothness[2]",complexity[4],orientation[1]];tag-for-sector-1=[smoothness[4],complexity[2],orientation[3]];tag-for-sector-2=[smoothness[2],complexity[3],orientation[2]];tag-for-sector-3=[smoothness[3],complexity[3],"orientation[2]];"""
"199;""asfault_roads/driver_ai/test_3333.json.geometry.json.interactive_plot.json"";""1"";""tag-for-sector-0=[smoothness[3]",complexity[2],orientation[2]];tag-for-sector-1=[smoothness[0],complexity[5],orientation[3]];tag-for-sector-2=[smoothness[4],complexity[2],orientation[2]];tag-for-sector-3=[smoothness[5],complexity[0],"orientation[0]];"""
"200;""asfault_roads/driver_ai/test_3342.json.geometry.json.interactive_plot.json"";""3"";""tag-for-sector-0=[smoothness[4]",complexity[2],orientation[2]];tag-for-sector-1=[smoothness[5],complexity[2],orientation[1]];tag-for-sector-2=[smoothness[0],complexity[3],orientation[4]];tag-for-sector-3=[smoothness[5],complexity[0],"orientation[0]];"""
